-- phpMyAdmin SQL Dump
-- version 4.9.1
-- https://www.phpmyadmin.net/
--
-- Máy chủ: 127.0.0.1
-- Thời gian đã tạo: Th6 13, 2020 lúc 07:04 AM
-- Phiên bản máy phục vụ: 10.4.8-MariaDB
-- Phiên bản PHP: 7.4.5

SET SQL_MODE = "NO_AUTO_VALUE_ON_ZERO";
SET AUTOCOMMIT = 0;
START TRANSACTION;
SET time_zone = "+00:00";


/*!40101 SET @OLD_CHARACTER_SET_CLIENT=@@CHARACTER_SET_CLIENT */;
/*!40101 SET @OLD_CHARACTER_SET_RESULTS=@@CHARACTER_SET_RESULTS */;
/*!40101 SET @OLD_COLLATION_CONNECTION=@@COLLATION_CONNECTION */;
/*!40101 SET NAMES utf8mb4 */;

--
-- Cơ sở dữ liệu: `doan_php_dienmay`
--

-- --------------------------------------------------------

--
-- Cấu trúc bảng cho bảng `brands`
--

CREATE TABLE `brands` (
  `brand_id` int(11) NOT NULL,
  `brand_name` varchar(45) DEFAULT NULL,
  `brand_img` varchar(200) DEFAULT NULL
) ENGINE=InnoDB DEFAULT CHARSET=utf8mb4;

--
-- Đang đổ dữ liệu cho bảng `brands`
--

INSERT INTO `brands` (`brand_id`, `brand_name`, `brand_img`) VALUES
(1, 'LG', NULL),
(2, 'Sony', NULL),
(4, 'Samsung', NULL),
(5, 'Panasonic', NULL),
(6, 'Toshiba', NULL),
(7, 'AQUA', NULL),
(8, 'Daikin', NULL),
(9, 'Asia', NULL),
(10, 'Midea', NULL),
(11, 'Mitsubishi', NULL),
(15, 'Sunhouse', NULL),
(18, 'Duxton', NULL),
(19, 'BOSCH', NULL),
(21, 'ARISTON', NULL),
(22, 'Kangaroo', NULL),
(23, 'Ferroli', NULL),
(24, 'BEKO', NULL);

-- --------------------------------------------------------

--
-- Cấu trúc bảng cho bảng `categories`
--

CREATE TABLE `categories` (
  `category_id` int(11) NOT NULL,
  `category_name` varchar(45) DEFAULT NULL
) ENGINE=InnoDB DEFAULT CHARSET=utf8mb4;

--
-- Đang đổ dữ liệu cho bảng `categories`
--

INSERT INTO `categories` (`category_id`, `category_name`) VALUES
(1, 'Tivi'),
(2, 'Tủ Lạnh'),
(3, 'Máy Giặt'),
(4, 'Điều Hòa'),
(5, 'Quạt'),
(6, 'Bếp Ga'),
(7, 'Máy Nước Nóng'),
(8, 'Máy Hút Bụi');

-- --------------------------------------------------------

--
-- Cấu trúc bảng cho bảng `products`
--

CREATE TABLE `products` (
  `product_id` int(11) NOT NULL,
  `product_name` varchar(50) DEFAULT NULL,
  `brands_brand_id` int(11) NOT NULL,
  `categories_category_id` int(11) NOT NULL,
  `product_price` int(11) DEFAULT NULL,
  `product_quantity` varchar(45) DEFAULT NULL,
  `product_danhgia` float DEFAULT NULL,
  `product_img` varchar(200) DEFAULT NULL,
  `product_baohanh` int(11) DEFAULT NULL,
  `product_noisx` varchar(45) DEFAULT NULL,
  `product_tienich` varchar(1024) DEFAULT NULL,
  `product_congsuat` varchar(45) DEFAULT NULL,
  `product_kichthuoc` varchar(45) DEFAULT NULL,
  `product_khoiluong` varchar(45) DEFAULT NULL,
  `product_tietkiendien` varchar(45) DEFAULT NULL
) ENGINE=InnoDB DEFAULT CHARSET=utf8mb4;

--
-- Đang đổ dữ liệu cho bảng `products`
--

INSERT INTO `products` (`product_id`, `product_name`, `brands_brand_id`, `categories_category_id`, `product_price`, `product_quantity`, `product_danhgia`, `product_img`, `product_baohanh`, `product_noisx`, `product_tienich`, `product_congsuat`, `product_kichthuoc`, `product_khoiluong`, `product_tietkiendien`) VALUES
(1, 'Smart Tivi Samsung 4K 43 inch', 4, 1, 8890000, '30', 4, 'https://cdn.tgdd.vn/Products/Images/1942/200381/samsung-ua43ru7200-1-2-org.jpg', 12, 'Việt Nam', 'Thiết kế màn hình cỡ nhỏ 43 inch, kiểu dáng cứng cáp.\r\nĐộ phân giải 4K sắc nét gấp 4 lần Full HD.\r\nCông nghệ HDR10+ nâng cao độ tương phản cho trải nghiệm hình ảnh ấn tượng.\r\nCông nghệ PurColor mang đến thế giới hình ảnh rực rỡ đầy màu sắc.\r\nCông nghệ UHD Dimming tối ưu cho hình ảnh sắc nét, màu sắc hiển thị chân thật hơn.\r\nCông nghệ Dolby Digital Plus cho trải nghiệm âm thanh vòm bùng nổ, sống động.\r\nHệ điều hành Tizen OS dễ sử dụng, hỗ trợ nhiều ứng dụng giải trí hấp dẫn đi kèm One remote điều khiển linh hoạt.\r\nĐiều khiển tivi bằng điện thoại qua ứng dụng SmartThings.\r\nHỗ trợ chiếu màn hình điện thoại lên tivi nhờ Screen Mirroring, Airplay 2.', '120W', 'Ngang 97.02 cm - Cao 63.63 cm - Dày 21.03 cm', '9.8 kg', NULL),
(2, 'Kiểu dáng hiện đại, gọn gàng phù hợp với nhiều khô', 2, 1, 9600000, '35', 4, 'https://cdn.tgdd.vn/Products/Images/1942/201361/tivi-sony-kd-43x8000g-1-2-org-1-org.jpg', 16, 'Việt Nam', 'Kiểu dáng hiện đại, gọn gàng phù hợp với nhiều không gian nội thất như phòng ngủ, phòng khách.\r\nHình ảnh sắc nét với độ phân giải 4K .\r\nTái hiện dải màu phong phú, chân thực hơn cùng công nghệ màn hình chấm lượng tử TRILUMINOS.\r\nKhả năng nâng cấp chất lượng hình ảnh độ phân giải thấp lên gần chuẩn 4K với công nghệ 4K X-Reality PRO.\r\nMang đến trải nghiệm âm thanh mạnh mẽ, sống động với công nghệ S-Force Front Surround.\r\nHệ điều hành Android 8.0 hiện đại cùng remote thông minh, Google Assistant điều khiển, tìm kiếm giọng nói tiếng Việt dễ dàng.\r\nHỗ trợ điều khiển TV bằng điện thoại qua ứng dụng Video & TV SideView và hỗ trợ chiếu màn hình điện thoại android lên TV dễ dàng.', ' 100 W', 'Ngang 97 cm - Cao 63 cm - Dày 26 cm', '10.2 kg', NULL),
(3, 'Smart Tivi OLED LG 4K 77 inch 77W9PTA', 1, 1, 650000000, '10', 5, 'https://cdn.tgdd.vn/Products/Images/1942/203505/lg-77w9pta-1-1-org.jpg', 32, 'Indonesia', 'Thiết kế treo tường sang trọng, đường nét tinh tế, hoà quyện không gian.\r\nĐộ phân giải 4K sắc nét cùng công nghệ 4K Active HDR giúp nâng cao độ tương phản, chi tiết nổi bật.\r\nCông nghệ màn hình OLED, Nano Cell 2 hiển thị hình ảnh rực rỡ, sống động.\r\nKhả năng nâng cấp chất lượng ảnh lên gần chuẩn 4K với công nghệ 4K Upscaler.\r\nÂm thanh mạnh mẽ, hiệu ứng hấp dẫn từ công nghệ Dolby Atmos.\r\nHệ điều hành WebOS 4.5 hiện đại cùng trí tuệ nhân tạo - AI ThinQ giúp thao tác điều khiển, sử dụng nhanh chóng hơn.\r\nTrình chiếu màn hình điện thoại lên tivi với tính năng Screen Mirroring.', '60W', 'Ngang 172.1 cm - Cao 98.9 cm - Dày 5.96 cm', 'Màn hình: 12.3 kg| AIO Box: 13.1 kg', NULL),
(4, 'Smart Tivi OLED LG 4K 65 inch 65W8PTA', 1, 1, 300000000, '10', 4, 'https://cdn.tgdd.vn/Products/Images/1942/168021/lg-65w8pta1-org-1-org.jpg', 24, 'Indonesia', 'Thiết kế tối giản, tinh tế cùng với kích thước màn hình lớn 65 inch.\r\nSắc nét đến từng chi tiết với độ phân giải 4K đem đến một hình ảnh chất lượng cao gấp 4 lần Full HD.\r\nHiển thị màu sắc sặc sỡ với công nghệ màn hình OLED.\r\nCông nghệ 4K Cinema HDR tối ưu hóa các gam màu và độ tương phản giúp hình ảnh trở nên ấn tượng và rực rỡ hơn.\r\nCông nghệ Ultra Luminance Pro giúp tăng cường sáng để hình ảnh trở nên nổi bật hơn ở mọi góc nhìn khác nhau.\r\nCông nghệ âm thanh Dolby Atmos đem lại một chất âm sắc sảo, mạnh mẽ và cuốn hút khi xem phim hay nghe nhạc.\r\nHệ điều hành WebOS hiện đại, remote thông minh dễ dàng điều khiển, tìm kiếm bằng giọng nói tiếng Việt.\r\nĐiều khiển tivi bằng điện thoại đơn giản với ứng dụng LG TV Plus.\r\nHỗ trợ chiếu màn hình điện thoại lên tivi với tính năng Screen Mirroring.', '60 W', 'Ngang 146.6 cm - Cao 82.3 cm - Dày 3.85 cm', 'Màn hình: 11.3 kg', NULL),
(5, 'Android Tivi Sony 8K 85 inch KD-85Z8H', 2, 1, 249900000, '25', 4, 'https://cdn.tgdd.vn/Products/Images/1942/218782/samsung-qa43q60t-1-2-org.jpg', 16, 'Nhật Bản', 'Thiết kế màn hình siêu mỏng lớn 85 inch, chân đế 2 kiểu lắp đặt linh hoạt.\r\nKhung hình sắc nét, chi tiết hơn với độ phân giải 8K.\r\nMàu đen sâu hơn, vùng sáng sáng hơn với công nghệ Full Array LED.\r\nTăng cường độ nét, màu sắc, độ tương phản với chip xử lý X1 Ultimate và 8K X-Reality PRO.\r\nKhung hình đẹp từ mọi góc nhìn qua công nghệ X-Wide Angle.\r\nTái hiện màu sắc phong phú, tự nhiên với công nghệ màn hình chấm lượng tử TRILUMINOS Display.\r\nTrải nghiệm chuyển động hình ảnh và âm thanh đồng thời với công nghệ Acoustic Multi-Audio và Frame Tweeter.\r\nĐiều khiển, tìm kiếm bằng giọng nói tiếng Việt qua remote thông minh thế hệ mới có đèn nền và Google Assistant.', '796 W', 'Ngang 190.4 cm - Cao 112 cm - Dày 42.8 cm', '67.3 Kg', NULL),
(6, 'Smart Tivi QLED Samsung 8K 75 inch QA75Q900R  ', 4, 1, 109000000, '12', 4, 'https://cdn.tgdd.vn/Products/Images/1942/200519/tivi-sony-kdl-43w660g-1-1-org.jpg', 24, 'Việt Nam', 'Thiết kế sang trọng, tinh tế, hài hoà với mọi không gian nội thất.\r\nĐộ phân giải 8K siêu sắc nét với dải màu mở rộng, tự nhiên từ màn hình chấm lượng tử QLED.\r\nCông nghệ Quantum HDR 4000 nits xử lý từng chi tiết, màu sắc trở nên sinh động, nổi bật hơn.\r\nKhả năng tăng cường chất lượng nội dung hình ảnh thấp lên gần chuẩn 8K với AI Upscaling 8K.\r\nTái hiện sắc đen sâu, sắc sáng tươi sáng hơn qua công nghệ Direct Full Array.\r\nÂm thanh vòm lan toả, mạnh mẽ đến từ công nghệ Dolby Digital Plus.\r\nChế độ chờ Ambient Mode biến tivi thành tác phẩm nghệ thuật.\r\nHệ điều hành Tizen OS hiện đại cùng với One Remote thông minh, dễ dàng truy cập nhanh chóng, điều khiển nhiều thiết bị cùng lúc.\r\nĐiều khiển tivi bằng điện thoại linh hoạt qua ứng dụng SmartThings.\r\nHỗ trợ chiếu màn hình điện thoại lên tivi với tính năng Screen Mirroring, AirPlay 2.', '435 W', 'Ngang 167.72 cm - Cao 102.49 cm - Dày 33.75 c', '43.3 kg', NULL),
(7, 'Smart Tivi QLED Samsung 8K 65 inch QA65Q900R', 4, 1, 68990000, '30', 4, 'https://cdn.tgdd.vn/Products/Images/1942/200415/samsung-qa65q900r-1-1-org-1-org.jpg', 12, 'Việt Nam', 'Thiết kế đẳng cấp, sang trọng.\r\nĐộ phân giải 8K cực kỳ sắc nét.\r\nCông nghệ chấm lượng tử QLED mang đến màu sắc rực rỡ, nổi bật hơn.\r\nCông nghệ Quantum HDR 4000 nits cho hình ảnh có độ tương phản ấn tượng.\r\nNâng cấp độ phân giải lên gần 8K bằng AI Upscaling 8K cùng bộ xử lý Quantum 4K Processor tiên tiến.\r\nTái hiện sắc đen sâu, sắc sáng tươi sáng hơn với công nghệ Direct Full Array.\r\nChế độ Ambient Mode hiện đại, giúp tivi thành bức tranh nghệ thuật.\r\nÂm thanh vòm lan toả khắp không gian với công nghệ Dolby Digital Plus.\r\nHệ điều hành Tizen OS, đi cùng One remote có tìm kiếm giọng nói.\r\nĐiều khiển tivi bằng điện thoại qua ứng dụng SmartThings tiện lợi.\r\nHỗ trợ chiếu màn hình điện thoại lên màn hình tivi với tính năng Screen Mirroring, AirPlay 2.', '440 W', 'Ngang 167.3 cm - Cao 89.82 cm - Dày 30.49 cm', '31.2 kg', NULL),
(8, 'Smart Tivi Sony 32 inch KDL-32W600D', 2, 1, 5590000, '35', 3, 'https://cdn.tgdd.vn/Products/Images/1942/75267/tivi-sony-kdl-32w600d-5-1.jpg', 24, 'Việt Nam', 'Công nghệ 4K X-Reality Pro cho màu sắc rõ nét, tăng cường độ nét hình ảnh, nâng cấp chất lượng hình ảnh gần HD nhất.\r\nCông nghệ Advanced Contrast Enhancer nâng cao tương phản.\r\nCông nghệ Dolby Digital và Clear Phase cho âm thanh bùng nổ và mạnh mẽ.\r\nGiao diện tiếng Việt dễ sử dụng với nhiều ứng dụng giải trí như: Netflix, Youtube, Fim+, Nhaccuatui, Zing TV, FPT Play, Clip TV, Zing MP3, Trình duyệt web.\r\nTivi độ phân giải HD cho hình ảnh sắc nét chân thực.', '45 W', 'Ngang 73.5 cm - Cao 48.1 cm - Dày 17.4 cm', '5.2 kg', NULL),
(9, 'Smart Tivi Sony 50 inch KDL-50W660F', 2, 1, 7520000, '30', 4, 'https://cdn.tgdd.vn/Products/Images/1942/155740/tivi-sony-kdl-50w660f-1-4-org.jpg', 32, 'Việt Nam', 'Độ phân giải Full HD sắc nét gấp 2 lần HD cùng công nghệ HDR cho hình ảnh chân thực đến không ngờ.\r\nCông nghệ X-Reality PRO tăng cường độ sáng, độ nét cho hình ảnh hoàn hảo.\r\nCông nghệ âm thanh ClearAudio+ âm thanh rõ ràng cho bạn cảm giác như đang hòa mình vào trong không gian thưởng thức.\r\nHệ điều hành Linux trực quan dễ sử dụng vói các ứng dụng sẵng có phổ biến như Youtube, Trình duyệt, Fim+, Zing TV, Netflix,...\r\nHỗ trợ chiếu màn hình điện thoại lên tivi Screen Mirroring (Miracast).', '117 W', 'Ngang 112.8 cm - Cao 70.6 cm - Dày 26.8 cm', '11.4 kg', NULL),
(10, 'Smart Tivi LG 32 inch 32LM570BPTC', 1, 1, 5490000, '40', 4, 'https://cdn.tgdd.vn/Products/Images/1942/203140/lg-32lm570bptc-1-2-org.jpg', 24, 'Indonesia', 'Thiết kế màn hình 32 inch, nhỏ gọn.\r\nĐộ phân giải HD cho hình ảnh sắc nét, rõ ràng.\r\nHỗ trợ kết nối bluetooth với loa ngoài tiện lợi.\r\nCông nghệ Active HDR và HDR Effect mang đến hình ảnh chân thật rõ nét.\r\nCông nghệ Resolution Upscaler giúp nâng cấp những hình ảnh độ phân giải thấp lên gần bằng với HD.\r\nCông nghệ âm thanh DTS Virtual:X cho âm thanh vòm trong trẻo.\r\nHệ điều hành WebOS 4.5 dễ sử dụng đi kèm kho ứng dụng phong phú.\r\nĐiều khiển tivi bằng điện thoại qua ứng dụng LG TV Plus.\r\nHỗ trợ chiếu màn hình điện thoại lên tivi với Screen Mirroring.', '45 W', 'Ngang 73.9 cm - Cao 47.2 cm - Dày 16.8 cm', '4.9 Kg', NULL),
(11, 'Tủ lạnh Samsung Inverter 208 lít RT19M300BGS/SV', 4, 2, 6090000, '30', 4, 'https://cdn.tgdd.vn/Products/Images/1943/108366/samsung-rt19m300bgs-sv-1-org.jpg', 16, 'Việt Nam', 'Luồng khí lạnh đa chiều cho hơi mát lan tỏa đều đến mọi ngóc ngách trong tủ.\r\nKháng khuẩn và khử sạch mùi hôi với bộ lọc Cacbon hoạt tính.\r\nCông nghệ Inverter tiết kiệm điện tối ưu, vận hành êm ái và bền bỉ.\r\nNgăn rau củ giữ ẩm đảm bảo thực phẩm luôn được bảo quản tươi ngon.', '0.9 kW/ngày', 'Cao 144.5 cm - Rộng 55.6 cm - Sâu 60.6 cm', '32 kg', NULL),
(12, 'Tủ lạnh Panasonic Inverter 188 lít NR-BA229PKVN', 5, 2, 6590000, '30', 3, 'https://cdn.tgdd.vn/Products/Images/1943/220134/panasonic-nr-ba229pkvn-1-1-org.jpg', 18, 'Việt Nam', 'Kháng khuẩn, loại bỏ mùi hôi mạnh mẽ với công nghệ Ag Clean.\r\nTiết kiệm điện tối ưu với cảm biến Econavi và công nghệ Inverter.\r\nThổi hơi lạnh nhanh và đều khắp tủ nhờ công nghệ Panorama.\r\nChứa đồ nhiều trên khay kệ kính chịu lực tốt.', '0.96 kW/ngày', 'Cao 139.3 cm - Rộng 52.6 cm - Sâu 58.4 cm', 'Nặng 35 kg', NULL),
(13, 'Tủ lạnh Samsung Inverter 236 lít RT22M4032DX/SV', 4, 2, 7590000, '35', 4, 'https://cdn.tgdd.vn/Products/Images/1943/156181/samsung-rt22m4032dx-sv-1-org.jpg', 24, 'Việt Nam', 'Thiết kế sang trọng với sắc nâu thời thượng.\r\nCấp đông mềm Optimal Fresh Zone -1 độ C bảo quản thực phẩm trong ngày không cần rã đông.\r\nNgăn rau quả cân bằng độ ẩm Big Box giúp rau củ luôn tươi ngon, mọng nước.\r\nCông nghệ Digital Inverter hiện đại không gây tiếng ồn, tiết kiệm điện năng.', '~0.97 kW/ ngày', 'Cao 154.5 cm - Rộng 56 cm - Sâu 63.5 cm', '45 kg', NULL),
(14, 'Tủ lạnh Panasonic Inverter 589 lít NR-F603GT-X2', 5, 2, 70890000, '35', 4, 'https://cdn.tgdd.vn/Products/Images/1943/220134/panasonic-nr-ba229pkvn-1-1-org.jpg', 24, 'Việt Nam', 'Tủ lạnh Inverter tiết kiệm điện hiệu quả cho gia đình.\r\nCảm biến Econavi thông minh, tự điều chỉnh công suất hoạt động phù hợp hiện đại.\r\nKhử mùi kháng khuẩn Nanoe-X giúp tiêu diệt và loại bỏ vi khuẩn gây mùi.\r\nNgăn cấp đông mềm Prime Fresh - 3 độ bảo quản thịt, cá không cần rã đông.\r\nCông nghệ Panorama với luồng khí lạnh dạng vòng cung, mang hơi lạnh tan tỏa đồng đều, hiệu quả.\r\nCông nghệ kháng khuẩn Ag Clean với tinh thể bạc Ag+ loại bỏ mùi hôi khó chịu do thực phẩm gây ra.\r\nNgăn rau củ kích thước lớn, cung cấp hơi ẩm lý tưởng cho phép bạn dễ dàng bảo quản nhiều rau củ.\r\nTính năng làm đá tự động vô cùng tiện lợi, nhanh chóng.', '~ 0.96 kW/ngày', 'Cao 139.3 cm - Rộng 52.6 cm - Sâu 58.4 cm ', '35 kg', NULL),
(15, 'Tủ lạnh Toshiba Inverter 180 lít GR-B22VU UKG', 6, 2, 5490000, '50', 4, 'https://cdn.tgdd.vn/Products/Images/1943/202857/toshiba-gr-b22vu-ukg-1-1-org.jpg', 24, 'Thái Lan', 'Tiết kiệm điện, tủ êm ái với công nghệ biến tần Inverter.\r\nLàm lạnh thực phẩm toàn diện nhờ hệ thống khí lạnh vòng cung.\r\nDiệt khuẩn và khử mùi hiệu quả nhờ công nghệ Ag+ Bio.\r\nBảo quản thịt cá tươi ngon, ăn trong ngày không cần rã đông với ngăn đông mềm -1 độ Ultra Cooling Zone.\r\nCửa tủ phủ sơn bóng sáng đẹp.', '~ 0.89 kW/ngày', 'Cao 128.5 cm - Rộng 54.5 cm - Sâu 61.5 cm', '37 kg', NULL),
(16, 'Tủ lạnh Panasonic Inverter 234 lít NR-BL263PKVN', 5, 2, 8090000, '35', 4, 'https://cdn.tgdd.vn/Products/Images/1943/220507/panasonic-nr-bl263pkvn-1-1-org.jpg', 24, 'Việt Nam', 'Hạn chế lẫn mùi thực phẩm nhờ hộp chứa riêng ở ngăn đông.\r\nLàm lạnh đồ uống nhanh trong ngăn Extra Cool Zone 2 độ C.\r\nTiết kiệm điện hiệu quả với công nghệ Inverter và cảm biến Econavi.\r\nHơi lạnh lan toả đều khắp tủ với công nghệ Panorama.\r\nKháng khuẩn, loại bỏ mùi hôi hiệu quả nhờ công nghệ Ag Clean.\r\nGiữ rau quả tươi lâu với ngăn giữ ẩm Fresh Safe.', '~ 0.89 kW/ngày', 'Cao 144.9 cm - Rộng 60.0 cm - Sâu 61.1 cm', '41 kg', NULL),
(17, 'Tủ lạnh Panasonic Inverter 268 lít NR-BL300PKVN', 5, 2, 10090000, '35', 4, 'https://cdn.tgdd.vn/Products/Images/1943/193189/panasonic-nr-bl300pkvn-2-2-org.jpg', 24, 'Việt Nam', 'Công nghệ Inverter cho khả năng vận hành êm ái, nhiệt độ ổn định.\r\nCảm biến Econavi hiện đại, góp phần tiết kiệm đáng kể chi phí điện hàng tháng.\r\nCông nghệ làm lạnh Panorama với luồng khí lạnh vòng cung lan tỏa đồng đều đến mọi nơi trong tủ.\r\nCông nghệ kháng khuẩn Ag Clean với tinh thể bạc Ag+ loại bỏ mùi hôi cũng như vi khuẩn gây hại.\r\nNgăn ướp lạnh Extra Cool Zone làm lạnh nhanh thức uống trong chớp mắt.\r\nHộc riêng để đông lạnh thịt, cá ở ngăn đá, giúp chúng được bảo quản lâu hơn và không gây lan tỏa mùi.\r\nNgăn rau củ rộng 30 lít giữ ẩm tối đa cho rau củ luôn mọng nước.', '~ 1 kW/ngày', 'Cao 150.5 cm - Rộng 60 cm - Sâu 64.5 cm', '49 kg', NULL),
(18, 'Tủ lạnh Toshiba Inverter 194 lít GR-A25VM ', 6, 2, 6390000, '35', 4, 'https://cdn.tgdd.vn/Products/Images/1943/193820/toshiba-gr-a25vm-ukg-1-2-org.jpg', 12, 'Thái Lan', 'Công nghệ Inverter tiết kiệm điện, máy chạy êm ái.\r\nNgăn Ultra Cooling Zone -1 độ trữ thịt cá ăn trong ngày không rã đông.\r\nKhông khí trong tủ luôn sạch, thông thoáng với hệ thống khử mùi và diệt khuẩn Ag+ Bio.\r\nDuy trì độ lạnh ổn định giúp thực phẩm tươi ngon với hệ thống làm lạnh tuần hoàn.\r\nNgăn rau củ lớn giúp chứa nhiều loại rau củ, giữ ẩm tốt.\r\nKhay đá xoắn tiện dụng, dễ dàng sử dụng.', '~ 0.87 kW/ngày', 'Cao 145 cm - Rộng 54.7 cm - Sâu 63.2 cm', '37 kg', NULL),
(19, 'Tủ lạnh Samsung Inverter 360 lít RT35K5982BS/SV', 4, 2, 15490000, '35', 4, 'https://cdn.tgdd.vn/Products/Images/1943/158939/tu-lanh-samsung-rt35k5982bs-sv-1-1-org.jpg', 24, 'Thái Lan', 'Thiết kế mạnh mẽ, cứng cáp.\r\nCông nghệ Digital Inverter giúp làm lạnh nhanh, tiết kiệm điện, duy trì nhiệt độ phù hợp.\r\n5 chế độ chuyển đổi với 2 dàn lạnh tiện lợi tiết kiệm điện năng.\r\nTiện lợi hơn với tính năng làm đá tự động và lấy nước lạnh bên ngoài không cần mở tủ.', '~ 1.2 kW/ngày', 'Cao 171.5 cm - Rộng 67.5 cm - Sâu 66.8 cm', '65 kg', NULL),
(20, 'Tủ lạnh Toshiba Inverter 253 lít GR-B31VU SK', 6, 2, 6790000, '50', 4, 'https://cdn.tgdd.vn/Products/Images/1943/202860/tu-lanh-toshiba-gr-b31vu-sk-1-org.jpg', 18, 'Thái Lan', 'Tiết kiệm điện, duy trì nhiệt độ ổn định với máy nén Inverter.\r\nLàm lạnh đồng đều, giúp thực phẩm tươi ngon khi có luồng khí lạnh vòng cung.\r\nTrả lại không gian trong lành, sạch khuẩn cho bên trong tủ thông qua công nghệ Ag+ Bio.\r\nNgăn đông mềm -1 độ trữ thịt cá không cần rã đông dùng trong ngày.\r\nBảo quản nhiều loại rau củ hơn nhờ vào ngăn rau quả rộng.', '~ 0.91 kW/ngày', 'Cao 164.0 cm - Rộng 54.5 cm - Sâu 61 cm', '44 kg', NULL),
(21, 'Máy giặt Samsung Inverter 9 kg WW90J54E0BW/SV', 4, 3, 11490000, '30', 4, 'https://cdn.tgdd.vn/Products/Images/1944/155200/may-giat-samsung-ww90j54e0bw-sv-2-1-org.jpg', 24, 'Việt Nam', 'Công nghệ Digital Inverter giúp tiết kiệm điện, giặt êm và sạch.\r\nCông nghệ giặt hơi nước giúp diệt khuẩn, giảm nhăn quần áo.\r\nCông nghệ Eco Bubble hoà tan hiệu quả, hạn chế cặn bột giặt bám vào quần ', '22.7 Wh/kg', 'Cao 85 cm - Ngang 60 cm - Sâu 62 cm', 'Nặng 61 kg', NULL),
(22, 'Máy giặt Toshiba Inverter 8.5 Kg TW-BH95S2V WK', 6, 3, 8390000, '50', 4, 'https://cdn.tgdd.vn/Products/Images/1944/197893/toshiba-tw-bh95s2v-wk-1-org.jpg', 12, 'Trung Quốc', 'Great Waves tích hợp 3 công nghệ tiên tiến: Flush Waves tạo sóng mạnh mẽ đánh bật vết bẩn, chế độ giặt Color Care giảm 39% độ phai màu, công nghệ Real Inverter tiết kiệm điện, vận hành êm, bền bỉ.\r\nGiặt nhanh 15 phút - Giải pháp hoàn hảo cho cuộc sống bận rộn.\r\nTính năng vệ sinh lồng giặt tự động, tiết kiệm thời gian và chi phí.\r\nTùy chỉnh nhiệt độ nước 20~90 độ C.\r\nTiện lợi hơn với tính năng tự khởi động lại khi có điện.', '20 Wh/kg', 'Cao 84.5 cm - Ngang 59.5 cm - Sâu 60.0 cm ', '61 kg', NULL),
(23, 'Máy giặt Panasonic Inverter 10.5 Kg NA-FD10AR1BV', 5, 3, 10090000, '35', 4, 'https://cdn.tgdd.vn/Products/Images/1944/216015/panasonic-na-fd10ar1bv-1-1-org.jpg', 24, 'Việt Nam', 'Giặt sạch các vết bẩn cứng đầu với tính năng StainMaster.\r\nNâng cao hiệu quả giặt sạch nhờ xoáy nước Water bazooka với TD inverter.\r\nHòa tan bột giặt, thẩm thấu nhanh với hệ thống Active Foam.\r\nTiện lợi giặt nhiều quần áo, chăn mền với lồng giặt lớn.\r\nNâng cao hiệu quả giặt sạch với thác nước đôi Dual Power Cascade.\r\nHạn chế xoắn rối quần áo nhờ Tangle Care.', '4.2 Wh/kg', 'Cao 104.5 cm - Ngang 60 cm - Sâu 67 cm', '40 kg', NULL),
(24, 'Máy giặt Toshiba 8.2 kg AW-F920LV WB', 6, 3, 5190000, '30', 4, 'https://cdn.tgdd.vn/Products/Images/1944/74103/may-giat-toshiba-aw-f920lv-wb-1-16-org.jpg', 24, 'Thái Lan', 'Giặt sạch hiệu quả với công nghệ giặt siêu mạnh Mega Power Wash.\r\nĐánh bay vết bẩn cứng đầu dễ dàng nhờ công nghệ giặt cô đặc bằng bọt khí.\r\nNâng cao hiệu quả chà xát quần áo nhờ lồng giặt ngôi sao pha lê.\r\nTự vệ sinh làm sạch và làm khô lồng giặt.\r\nTăng thời gian ngâm nước xả, giúp quần áo thơm tho lâu hơn.', '10.8 Wh/kg', 'Cao 93.5 cm - Ngang 54.5 cm - Sâu 56 cm', '31 kg', NULL),
(25, 'Máy giặt Aqua Inverter 8.5 kg AQD-D850E W', 7, 3, 7990000, '45', 4, 'https://cdn.tgdd.vn/Products/Images/1944/211629/aqua-aqd-d850e-w-1-2-org.jpg', 18, 'Việt Nam', 'Máy vận hành êm ái với động cơ truyền động trực tiếp.\r\nTiết kiệm diện tích, dễ dàng lấy quần áo, chăn mền lớn với lồng giặt 525 mm.\r\nDiệt khuẩn, làm mềm quần áo với công nghệ giặt nước nóng.\r\nTiết kiệm điện nhờ công nghệ Inverter.\r\nQuần áo đẹp như mới với lồng giặt Pillow bằng thép chống gỉ.\r\nKháng khuẩn, nấm mốc với vòng đệm cửa kháng khuẩn (ABT).\r\nTiết kiệm thời gian làm vệ sinh với tính năng tự làm sạch mặt trong cửa - Smart Dual Spray.', '9.1 Wh/kg', 'Cao 85 cm - Ngang 59.5 cm - Sâu 56 cm', '72.5 kg', NULL),
(26, 'Máy giặt Aqua Inverter 10 Kg AQW-DR100ET S', 7, 3, 7790000, '40', 4, 'https://cdn.tgdd.vn/Products/Images/1944/208774/may-giat-aqua-aqw-dr100et-s-1-org.jpg', 24, 'Việt Nam', 'Động cơ truyền động trực tiếp bền bỉ, êm ái.\r\nTiết kiệm điện với công nghệ Inverter.\r\nTạo dòng nước đa chiều, tăng hiệu quả giặt sạch nhờ mâm giặt kép Twin Pulsator.\r\nCho quần áo được bền đẹp như mới với lồng giặt Pillow bằng thép chống gỉ.\r\nKháng khuẩn khử mùi quần áo với công nghệ Nano Ag+.\r\nVệ sinh lồng giặt tự động giúp tiết kiệm chi phí, tăng độ bền cho máy.', '5.3 Wh/kg', 'Cao 102 cm - Ngang 57.5 cm - Sâu 60 cm', '40.5 kg', NULL),
(27, 'Máy giặt Panasonic 8 kg NA-F80VS9GRV', 5, 3, 5190000, '35', 4, 'https://cdn.tgdd.vn/Products/Images/1944/87420/may-giat-panasonic-na-f80vs9grv-org-1.jpg', 24, 'Việt Nam', 'Gờ mâm giặt cao ma sát nhiều hơn.\r\nLuồng nước Dancing, nhào kĩ, giặt sạch hơn 15%.\r\nCông nghệ giặt Eco Aquabeat - tăng cường hiệu quả giặt sạch.\r\nCông nghệ xả nước Aqua Spin Rinse.\r\nChế độ sấy gió 90 phút - tiết kiệm thời gian phơi quần áo.\r\nBảng điều khiển nút nhấn, có hỗ trợ tiếng Việt dễ dàng sử dụng.\r\nTính năng vệ sinh lồng giặt - giúp loại bỏ các cặn bã tích tụ trong lồng giặt.', '8.8 Wh/kg', 'Cao 96 cm - Ngang 57.8 cm - Sâu 59 cm', '34 kg', NULL),
(28, 'Máy giặt Toshiba 9kg AW-G1000GV WG', 6, 3, 5890000, '50', 4, 'https://cdn.tgdd.vn/Products/Images/1944/110586/may-giat-toshiba-aw-g1000gv-wg-1-1-org.jpg', 24, 'Thái Lan', 'Xả với hương thơm lâu, tăng thời gian ngâm nước xả.\r\nTẩy sạch bụi bẩn từ bên trong sợi vải với công nghệ giặt cô đặc bằng bọt khí.\r\nGiặt sạch mạnh mẽ cùng mâm giặt Hybird Powerful.\r\nQuần áo không còn bám cặn bột giặt với hiệu ứng thác nước đôi.\r\nĐảm bảo quần áo bền đẹp với lồng giặt ngôi sao pha lê.', '11.7 Wh/kg', 'Cao 99 cm - Ngang 60.5 cm - Sâu 60 cm', '39 kg', NULL),
(29, 'Máy giặt LG Inverter 8 kg FC1408S4W2', 1, 3, 9990000, '35', 5, 'https://cdn.tgdd.vn/Products/Images/1944/103903/may-giat-lg-fc1408s4w2-org-1-org.jpg', 18, 'Việt Nam', 'Công nghệ Inverter tiết kiệm điện, nước đáng kể.\r\nĐộng cơ truyền động trực tiếp bền bỉ, êm ái, không gây tiếng động ồn ào, khó chịu.\r\nCông nghệ giặt 6 chuyển động mô phỏng bàn tay người, giặt nhẹ nhàng nhưng vẫn sạch sẽ.\r\nGiặt nước nóng hòa tan bột giặt nhanh chóng, loại bỏ vi khuẩn hiệu quả, cho quần áo luôn mềm mại.\r\nCông nghệ giặt hơi nước Allergy Care chống nhăn hiệu quả.\r\nTiện lợi, tiết kiệm chi phí với chức năng chẩn đoán lỗi thông minh qua điện thoại.\r\nDễ dàng cho thêm đồ trong khi máy đang vận hành.', '23.2 Wh/kg', 'Cao 84 cm - Ngang 60 cm - Sâu 56.5 cm', '62 kg', NULL),
(30, 'Máy giặt Panasonic Inverter 10.5 Kg NA-FD10VR1BV', 5, 3, 11490000, '40', 4, 'https://cdn.tgdd.vn/Products/Images/1944/212130/may-giat-panasonic-na-fd10vr1bv-1-1-org.jpg', 24, 'Việt Nam', 'Đánh bay mọi vết bẩn, diệt khuẩn 99,99% nhờ công nghệ Stain Master+ .\r\nQuần áo thấm đều chất giặt tẩy nhờ hiệu ứng thác nước đôi Dual Power Cascade.\r\nTạo bọt siêu mịn đánh bay vết bẩn cứng đầu với Công nghệ Active Foam.\r\nTiết kiệm điện, nước với động cơ Inverter, Econavi.\r\nChống xoắn rối quần áo qua chế độ Tangle Care.\r\nLoại bỏ các chất bẩn và cặn đóng trong lồng giặt với chế độ vệ sinh lồng giặt.\r\nTiết kiệm thời gian phơi quần áo với chế độ sấy gió 90 phút.', '4.4 Wh/kg', 'Cao 104.5 cm - Ngang 60 cm - Sâu 67 cm', '41 kg', NULL),
(31, 'Máy lạnh Daikin Inverter 1.0 HP ATKC25UAVMV     ', 8, 4, 11890000, '50', 4, 'https://cdn.tgdd.vn/Products/Images/2002/203519/may-lanh-daikin-atkc25uavmv-1-org.jpg', 12, 'Việt Nam', 'Tiết kiệm điện năng, làm lạnh ổn định với công nghệ Inverter.\r\nMang đến cảm giác mát lạnh gần như tức thì khi kích hoạt chế độ Powerful.\r\nTiết kiệm điện nhưng vẫn làm lạnh hiệu quả với cảm biến mắt thần thông minh.\r\nNâng cao hiệu quả tiết kiệm điện nhờ chế độ Econo.\r\nGas R-32 làm lạnh nhanh, thân thiện với môi trường.\r\nChế độ thổi luồng gió lên trần, tạo cảm giác mát lạnh dễ chịu.\r\nMang đến bầu không gian trong lành, sạch khuẩn với phin lọc xúc tác quang Apatit Titan.\r\nLoại bỏ ẩm mốc, mùi khó chịu với tính năng chống ẩm mốc.\r\nTính năng tự khởi động lại khi có điện - Ghi nhớ các chế độ hiện có, không cần cài đặt lại.', '0.68 kW/h', 'Dài 77 cm - Cao 28.5 cm - Dày 24 cm', '8 kg', NULL),
(32, 'Máy lạnh Daikin Inverter 1 HP ATKQ25TAVMV', 8, 4, 10690000, '40', 4, 'https://cdn.tgdd.vn/Products/Images/2002/200017/may-lanh-daikin-atkq25tavmv-1-2-org.jpg', 24, 'Việt Nam', 'Máy lạnh Inverter tiết kiệm điện tối ưu, chạy êm ái.\r\nLàm lạnh nhanh gần như ngay lập tức với tính năng Powerful.\r\nĐộc đáo với chế độ gió dễ chịu ngăn ngừa nguy cơ cảm lạnh cho người già và trẻ nhỏ.\r\nNâng cao hiệu quả tiết kiệm điện hơn với chế độ Econo.\r\nChế độ hút ẩm giúp căn phòng của bạn luôn khô ráo, dễ chịu vào những ngày mưa ẩm ướt.\r\nTính năng tự khởi động lại khi có điện - Ghi nhớ các chế độ hiện có, không cần cài đặt lại.', '0.81 kW/h', 'Dài 77 cm - Cao 28.5 cm - Dày 22.6 cm', '8 kg', NULL),
(33, 'Máy lạnh Daikin Inverter 1 HP ATKA25UAVMV', 8, 4, 10990000, '35', 4, 'https://cdn.tgdd.vn/Products/Images/2002/219645/daikin-atka25uavmv-1-1-org.jpg', 18, 'Việt Nam', 'Luồng gió dễ chịu, tránh được gió thổi trực tiếp vào người với thiết kế tạo hiệu ứng Coanda.\r\nTiết kiệm điện năng với công nghệ Inverter và chế độ Econo.\r\nĐộ bền cao với cánh tản nhiệt phủ 2 lớp chống ăn mòn cùng bo mạch được bảo vệ điện áp cao - thấp.\r\nBảo vệ sức khỏe và đồ dùng trong gia đình với chức năng chống ẩm mốc.\r\nLàm lạnh nhanh chóng tức thì với chế độ làm lạnh nhanh Powerful.\r\nHạn chế bụi với lưới lọc bụi thô.', '0.92 kW/h', 'Dài 77 cm - Cao 28.5 cm - Dày 23.5 cm', '8 kg', NULL),
(34, 'Máy lạnh Panasonic Inverter 1 HP CU/CS-PU9WKH-8M', 5, 4, 10990000, '30', 4, 'https://cdn.tgdd.vn/Products/Images/2002/218660/panasonic-cu-cs-pu9wkh-8m-1-1-org.jpg', 24, 'Malaysia', 'Công nghệ lọc không khí Nanoe-G cho bầu không khí sạch bụi bẩn, bụi mịn PM2.5.\r\nSử dụng như một chiếc máy lọc không khí với hệ thống lọc khí hoạt động độc lập.\r\nCông nghệ Inverter và Eco tích hợp AI giúp tiết kiệm điện tối đa.\r\nLàm lạnh nhanh tức thì với chế độ Powerful\r\nKhông khí thoáng đãng, khô ráo khi thời tiết ẩm ướt với chế độ hút ẩm.\r\nTiện lợi hơn với chế độ hẹn giờ bật/tắt máy.', '0.8 kW/h', 'Dài 77.9 cm - Cao 29 cm - Dày 20.9 cm', '8 kg', NULL),
(35, 'Máy lạnh LG Inverter 1 HP V10ENH', 1, 4, 9090000, '30', 4, 'https://cdn.tgdd.vn/Products/Images/2002/198373/may-lanh-lg-v10enh-1-1-org.jpg', 12, 'Thái Lan', 'Công nghệ Dual Inverter nâng cao hiệu quả tiết kiệm điện lên đến 70%.\r\nLàm lạnh nhanh chóng chỉ trong 3 phút đồng hồ với công nghệ Jet Cool.\r\nChế độ thổi gió dễ chịu Comfort Air mang lại hơi lạnh êm dịu, không lo bị cảm lạnh.\r\nTính năng tự động làm sạch giúp máy lạnh luôn khô thoáng, sạch sẽ.\r\nChế độ ngủ đêm - Tự điều chình nhiệt độ phù hợp với thân nhiệt và môi trường.\r\nTính năng tự khởi động lại khi có điện - Ghi nhớ các chế độ hiện có, không cần cài đặt lại.\r\nGas R32 - an toàn, thân thiện với môi trường.', '0.92 kW/h', 'Dài 75 cm - Cao 27 cm - Dày 19 cm', '7.7 kg', NULL),
(36, 'Máy lạnh LG Inverter 1.5 HP V13ENH', 1, 4, 10590000, '40', 4, 'https://cdn.tgdd.vn/Products/Images/2002/198377/may-lanh-lg-v13enh-1-1-org.jpg', 12, 'Thái Lan', 'Công nghệ Dual Inverter tiết kiệm điện hơn 70%, vận hành êm ái.\r\nChế độ Jet Cool làm lạnh nhanh hơn 40%, nhanh chóng hạ 5 độ C chỉ trong vòng 3 phút.\r\nChế độ thổi gió dễ chịu Comfort Air.\r\nTính năng tự động làm sạch giúp máy lạnh luôn khô thoáng, sạch sẽ.\r\nChẩn đoán lỗi thông minh giúp dễ dàng kiểm tra tình trạng máy.\r\nChế độ ngủ đêm - Tự điều chỉnh nhiệt độ phù hợp với thân nhiệt và môi trường.\r\nTính năng tự khởi động lại khi có điện - Ghi nhớ các chế độ hiện có, không cần cài đặt lại.', '1.09 kW/h', 'Dài 83.7 cm - Cao 30.8 cm - Dày 19.7 cm', '8.7 kg', NULL),
(37, 'Máy lạnh Samsung Inverter 1 HP AR10TYHYCWKNSV ', 4, 4, 8790000, '45', 4, 'https://cdn.tgdd.vn/Products/Images/2002/217442/samsung-ar10tyhycwknsv-1-1-org.jpg', 12, 'Thái Lan', 'Tiết kiệm điện, làm lạnh nhanh nhờ Digital Inverter Boost và chế độ Eco.\r\nVệ sinh dễ dàng với lưới lọc bụi bẩn Easy Filter.\r\nLoại bỏ vi khuẩn, mùi hôi bởi màng lọc kháng khuẩn Ag+.\r\nHơi lạnh lan toả đều và xa với tự động đảo gió 4 hướng.\r\nMang lại không gian thoáng đãng, thoải mái những ngày ẩm ướt với chế độ hút ẩm.\r\nĐộ bền cao, vận hành hiệu quả nhờ chức năng tự làm sạch.\r\nTiện lợi cùng chế độ tự khởi động lại khi có điện.', '0.91 kW/h', 'Dài 82.0 cm - Cao 29.9 cm - Dày 21.5 cm', '8.6 kg', NULL),
(38, 'Máy lạnh Toshiba Inverter 1 HP RAS-H10D2KCVG-V', 6, 4, 9190000, '40', 4, 'https://cdn.tgdd.vn/Products/Images/2002/217755/toshiba-ras-h10d2kcvg-v-1-1-org.jpg', 12, 'Thái Lan', 'Tiết kiệm điện năng, làm lạnh hiệu quả với công nghệ Hybrid Inverter.\r\nTối ưu tiết giảm điện năng tiêu thụ với tính năng Eco.\r\nKhông khí trong lành và giảm chi phí bảo trì với công nghệ chống bám bẩn Magic Coil.\r\nTạo bầu không khí trong lành với bộ lọc Toshiba IAQ.\r\nLàm lạnh nhanh chóng với chế độ Hi Power.\r\nHơi lạnh lan toả xa và đều với cánh quạt xiên và cửa đảo gió mở rộng 72 độ.\r\nLàm lạnh nhanh hơn với mật độ ống đồng tăng 25%.\r\nTiện lợi với chế độ tự khởi động lại khi có điện.', '0.83 kW/h', 'Dài 74.0 cm - Cao 25.0 cm - Dày 20.5 cm', '8 kg', NULL),
(39, 'Máy lạnh Panasonic Inverter 1 HP CU/CS-XU9UKH-8', 5, 4, 12490000, '45', 5, 'https://cdn.tgdd.vn/Products/Images/2002/153825/panasonic-cu-cs-xu9ukh-8-1-1-org.jpg', 12, 'Malaysia', 'Công nghệ Inverter - tiết kiệm điện, vận hành êm, làm lạnh sâu và hơi lạnh lan tỏa đều.\r\nLàm lạnh nhanh tức thì với chế độ iAuto-X.\r\nDòng Aerowings - 2 cánh đảo gió với 2 motor riêng biệt giúp điều chỉnh hướng gió tốt hơn.\r\nCông nghệ Nanoe-G - lọc sạch bụi bẩn, bụi mịn PM2,5.\r\nKháng khuẩn, khử mùi các mùi khó chịu cùng công nghệ Nanoe-X.\r\nSử dụng hệ thống lọc khí độc lập như một chiếc máy lọc không khí.\r\nBảo vệ sức khỏe và tiết kiệm điện cho cả gia đình với chế độ ngủ ban đêm.\r\nGas R32 an toàn, thân thiện với môi trường.', '0.68 kW/h', 'Dài 91.9 cm - Cao 29.5 cm - Dày 19.9 cm', '9 kg', NULL),
(40, 'Máy lạnh Samsung Inverter 1.5 HP AR13TYHYCWKNSV ', 4, 4, 9990000, '45', 4, 'https://cdn.tgdd.vn/Products/Images/2002/217443/samsung-ar13tyhycwknsv-1-1-org.jpg', 12, 'Thái Lan', 'Tiết kiệm điện, làm lạnh nhanh nhờ Digital Inverter Boost và Eco.\r\nVệ sinh dễ dàng với lưới lọc bụi bẩn Easy Filter.\r\nLoại bỏ vi khuẩn, mùi hôi bởi màng lọc kháng khuẩn Ag+.\r\nHơi lạnh lan toả đều và xa với tính năng tự động đảo gió 4 hướng.\r\nMang lại không gian thoáng đãng, thoải mái khi độ ẩm tăng cao với chế độ hút ẩm.\r\nĐộ bền cao, vận hành hiệu quả nhờ chức năng tự làm sạch.\r\nTiện lợi cùng chế độ tự khởi động lại khi có điện.', '1.25 kW/h', 'Dài 82.0 cm - Cao 29.9 cm - Dày 21.5 cm', '9.2 kg', NULL),
(81, 'Quạt đứng Mitsubishi LV16-RV CY-GY', 11, 5, 2100000, '34', 5, 'https://cdn.tgdd.vn/Products/Images/1992/156603/mitsubishi-lv16-rv-cy-gy-xam-dam-1-1-org.jpg', 12, 'Việt Nam', 'Quạt đứng công suất 48 W hoạt động mạnh mẽ.\r\nTrang bị remote dễ sử dụng quạt từ xa.\r\nCó chế độ hẹn giờ tắt với thời gian lâu nhất đến 8 tiếng.\r\n3 tốc độ gió điều chỉnh bằng nút nhấn, dễ thao tác.\r\nTha', '38W', 'Ngang 46.5 cm - Cao 140 cm - Sâu 43 cm', '10kg', NULL),
(82, 'Quạt đứng Midea FS40-15DR', 10, 5, 350000, '10', 5, 'https://cdn.tgdd.vn/Products/Images/1992/91670/quat-midea-fs40-15dr-1-org.jpg', 12, 'Việt Nam', 'Cánh quạt dài 40 cm, công suất 55 W cho khả năng làm mát cao.\r\nĐiều khiển từ xa nhỏ gọn, tiện sử dụng ở khoảng cách xa.\r\nHẹn giờ tắt với thời gian hẹn tối đa đến 12 tiếng.\r\nQuạt Midea có 12 tốc độ gió', '50W', 'Ngang 46 cm - Cao 132.5 cm - Sâu 45.5 cm', '7kg', NULL),
(83, 'Quạt lửng Asia A16009-DV1', 9, 5, 510000, '12', 4, 'https://cdn.tgdd.vn/Products/Images/1992/108600/quat-asia-a16009-dv1-org-1-org.jpg', 12, 'Trung Quốc', 'Công suất 45 W, 5 cánh quạt dạng xoắn, đường kính 35 cm cho gió trải rộng.\r\n3 tốc độ gió dễ tùy chỉnh với bảng điều khiển núm vặn.\r\nĐộng cơ chạy mượt, thổi mạnh, giảm lượng khí thải.\r\nĐiều chỉnh chiều', '35W', 'Ngang 45 cm - Cao 94.5 cm - Sâu 44 cm', '10kg', NULL),
(84, 'Quạt đứng Toshiba F-LSA10(W)VN', 6, 5, 200000, '50', 5, 'https://cdn.tgdd.vn/Products/Images/1992/206027/quat-dung-toshiba-f-lsa10-w-vn-trang-1-2-org.jpg', 12, 'Việt Nam', 'Quạt đứng công suất 50 W mạnh mẽ, làm mát không gian rộng với 5 cánh quạt sải 40 cm.\r\nChế độ hẹn giờ tắt quạt kết hợp bảng điều khiển dễ sử dụng.\r\nKhởi động nhanh nhờ động cơ bạc thau.\r\nChiều cao thay', '50W', 'Ngang 40 cm - Cao 114cm - 133.5 cm - Đường kí', '8.3kg', NULL),
(85, 'Quạt đứng Mitsubishi LV16-RV SF-GY xám nhạt', 11, 5, 2300000, '100', 4, 'https://cdn.tgdd.vn/Products/Images/1992/156843/mitsubishi-lv16-rv-sf-gy-xam-nhat-1-org.jpg', 12, 'Thái Lan', 'Cánh quạt dài 40 cm, công suất 48 W giúp làm mát nhanh chóng.\r\nTrang bị remote điều khiển từ xa nhanh gọn, tiện lợi.\r\nChế độ hẹn giờ tắt với 4 mốc thời gian hẹn gồm 1h - 2h - 4h - 8h.\r\nĐiều khiển nút nhấn dễ thao tác, cài đặt 3 tốc độ gió tiện dụng.\r\nChiều cao quạt thay đổi linh hoạt chỉ với 1 thao tác nhấn nút đơn giản.\r\nThương hiệu nổi tiếng Mitsubishi của Nhật Bản, sản xuất tại Thái Lan.', '48 W', 'Ngang 45 cm - Cao 91.5 - 103.5 cm - Sâu 42cm', '10 kg', NULL),
(86, 'Quạt sạc điện Sunhouse SH722', 15, 5, 900000, '25', 5, 'https://cdn.tgdd.vn/Products/Images/1992/66482/quat-sunhouse-sh-722-org-1.jpg', 12, 'Việt Nam', 'Quạt sạc nhỏ gọn, công suất 30 W làm mát hiệu quả.\r\nPin sạc dùng liên tục trong 5 - 8 giờ, không lo mất điện.\r\n2 tốc độ quay 850 – 1050 vòng/ phút, làm mát hiệu quả.\r\nCó đèn báo khi quạt sạc điện, tự ', '45W', 'Ngang 43 cm - Cao 52.5 cm - Sâu 24 cm', '5kg', NULL),
(87, 'Quạt hộp Asia F12001', 9, 5, 380000, '234', 5, 'https://cdn.tgdd.vn/Products/Images/1992/66511/asia-f12001-1-8-org.jpg', 12, 'Việt Nam', 'Quạt trang bị 6 cánh quạt nhỏ, đường kính dài 30 cm, công suất 40 W, làm mát hiệu quả.\r\n3 tốc độ gió, chế độ quay tùy chỉnh linh hoạt với bảng điều khiển nút nhấn.', '25W', 'Ngang 31.5 cm - Cao 39.5 cm - Sâu 15.5 cm', '3kg', NULL),
(88, 'Quạt bàn Midea FT30-Y8BA', 10, 5, 510000, '50', 4, 'https://cdn.tgdd.vn/Products/Images/1992/92590/quatquat-ban-midea-ft30-y8ba-org-1-org.jpg', 12, 'Việt Nam', 'Công suất 35 W với 3 cánh quạt dài 30 cm làm mát hiệu quả.\r\n3 mức tốc độ gió tùy chỉnh dễ dàng bằng nút nhấn ở chân đế quạt.', '40W', 'Ngang 36.5 cm - Cao 54.5 cm - Sâu 29 cm', '2.2kg', NULL),
(89, 'Quạt hộp Midea KYT30-15A', 10, 5, 380000, '20', 5, 'https://cdn.tgdd.vn/Products/Images/1992/207672/quat-hop-midea-kyt30-15a-trang-1-1-org.jpg', 12, 'Thái Lan', 'Quạt thiết kế sang trọng, công suất 40 W, làm mát nhanh.\r\n5 cánh quạt đường kính 30 cm tạo luồng gió nhanh, mạnh.\r\n4 mức tốc độ gió, núm vặn điều chỉnh chế độ đảo chiều tiện dụng.\r\nHẹn giờ tắt tối đa ', '40W', 'Ngang 40 cm - Sâu 15 cm - Cao 42 cm', '5kg', NULL),
(90, 'Quạt đứng Mitsubishi LV16S-RV CY-RD', 11, 5, 999000, '15', 5, 'https://cdn.tgdd.vn/Products/Images/1992/155732/quat-mitsubishi-lv16s-rv-cy-rd-1-org.jpg', 12, 'Việt Nam', 'Quạt đứng công suất 48 W làm mát hiệu quả không gian rộng.\r\nCó điều khiển từ xa tùy chỉnh chức năng quạt ở nhiều địa điểm dễ dàng.\r\nChế độ hẹn giờ tắt tiện lợi với thời gian hẹn tối đa tới 8 tiếng.\r\nB', '55W', 'Ngang 49 cm - Cao 120 cm - Sâu 40 cm', '5kg', NULL),
(91, 'Bếp gas âm Sunhouse SHB-6636', 15, 6, 1800000, '10', 5, 'https://cdn.tgdd.vn/Products/Images/1983/64314/bep-gas-sunhouse-shb-6636-1-1-org.jpg', 12, 'Việt Nam', 'Thiết kế kiểu bếp gas âm mỏng gọn, sang trọng, tiết kiệm không gian, có 2 lò nấu tiện dụng.\r\nMặt bếp bằng kính cường lực bóng sáng, sang trọng từ mọi góc nhìn.\r\nHệ thống đánh lửa IC hiện đại, tạo tia ', '3.5 kW/h/lò', 'Ngang 78 cm - Dọc 48 cm - Cao 11 cm', '12kg', NULL),
(92, 'Bếp gas âm Sunhouse Apex APB8811', 15, 6, 5000000, '15', 4, 'https://cdn.tgdd.vn/Products/Images/1983/203880/bep-ga-am-kinh-apex-2-lo-apb8811-1-org.jpg', 12, 'Thái Lan', 'Mặt bếp bằng kính Ceramic cao cấp, dày bền, chịu lực tốt, làm sạch đơn giản.\r\nĐầu đốt bằng đồng thau cho ngọn lửa màu xanh, không đen đáy nồi.\r\nĐánh lửa IC, đầu hâm tiện dụng.\r\nTự động ngắt gas khi có', '', 'Ngang 72 cm - Dọc 41 cm - Cao 14 cm', '11kg', NULL),
(93, 'Bếp gas đôi Duxton DG-430\r\n', 18, 6, 690000, '100', 5, 'https://cdn.tgdd.vn/Products/Images/1983/221355/bep-gas-doi-duxton-dg-430-1-org.jpg', 12, 'Thái Lan', 'Bếp ga với 2 lò nấu, tiện lợi chế biến nhiều món ăn cùng lúc.\r\nĐầu đốt bằng sứ ceramic đốt theo kiểu hồng ngoại tiết kiệm thời gian nấu\r\nHệ thống đánh lửa Magneto siêu bền và chống cháy nổ ga, an toàn sử sụng.\r\nLượng ga tiêu thụ tiết kiệm năng lượng chỉ với 136g/ h/ lò.\r\nSản xuất năm 2020, thương hiệu Duxton - sản xuất tại Việt Nam.', '0.136 kg/h/lò', 'Ngang 69 cm - Dọc 36.5 cm - Cao 12.5 cm', '6.5 kg', NULL),
(94, 'Bếp gas Sunhouse SHB3326MT', 15, 6, 1048000, '100', 2, 'https://cdn.tgdd.vn/Products/Images/1983/178786/doi-sunhouse-shb3326mt-1-org.jpg', 12, 'Việt Nam', 'Đánh lửa IC nhạy bén, dùng an toàn với chế độ ngắt gas tự động.\r\nMặt bếp bằng kính Ceramic sáng bóng, dày bền, dễ vệ sinh.\r\nKèm theo bếp gas có 2 đầu hâm, nấu với ngọn lửa nhỏ hơn, tiết kiệm gas tốt hBếp gas có 2 vùng nấu, mặt bếp bằng kính cường lực bóng sáng tự nhiên.\r\nĐầu đốt bằng đồng thau dày bền, cho ngọn lửa xanh không làm đen đáy nồi.\r\nHệ thống đánh lửa Magneto dễ thao tác với núm xoay.\r\nThương hiệu uy tín Sunhouse – Việt Nam, thiết kế đẹp, chất lượng tốt.', '0.22 kg/h/lò', 'Ngang 67 cm - Dọc 40.5 cm - Cao 16.5 cm', '9.0 kg', NULL),
(95, 'Bếp gas Sunhouse SHB 201MT', 15, 6, 900000, '15', 5, 'https://cdn.tgdd.vn/Products/Images/1983/112541/bep-gas-bep-gas-doi-sunhouse-shb201mt-1-1-org.jpg', 12, 'Việt Nam', 'Mặt bếp gas bằng kính cường lực sáng bóng, chịu nhiệt tốt.\r\nNấu ăn tiết kiệm gas với lượng gas tiêu thụ 0.44 kg/h/ 2 lò.\r\nĐánh lửa Magneto điều khiển bằng núm vặn linh hoạt, tiện dụng.\r\nKiềng bếp trán', '4.8 kW/h/lò', 'Ngang 69 cm - Dọc 42.5 cm - Cao 10.5 cm', '8kg', NULL),
(96, 'Bếp gas đôi Duxton DG-368', 18, 6, 590000, '23', 5, 'https://cdn.tgdd.vn/Products/Images/1983/218708/bep-gas-doi-duxton-dg-368-1-org.jpg', 12, 'Việt Nam', 'Bếp gas đôi có 2 vùng nấu, nấu được nhiều món ăn cùng lúc.\r\nMặt bếp bằng kính cường lực cao cấp, chịu lực tốt, dễ lau chùi.\r\nĐầu đốt bằng nhôm bền bỉ, chống biến dạng, lượng tiêu thụ gas chỉ 0.248 kg/', '3 kW/h/lò', 'Ngang 69 cm - Dọc 40.5 cm - Cao 12.8 cm', '5kg', NULL),
(97, 'Bếp gas đơn Sunhouse SHB212KG', 15, 6, 1380000, '20', 5, 'https://cdn.tgdd.vn/Products/Images/1983/203895/bep-gas-don-sunhouse-shb212kg-1-org.jpg', 12, 'Việt Nam', 'Bếp gas đơn mặt kính cường lực sáng bóng, dày bền, dễ lau chùi.\r\nKiềng bếp bằng thép tráng men dễ tháo rời vệ sinh.\r\nĐầu đốt đồng thau bền bỉ ít bị ăn mòn, nấu ngọn lửa xanh không đen đáy nồi.\r\nĐánh l', '0.22 kW/h/lò', 'Ngang 36.5 cm - Dọc 29.1 cm - Cao 11 cm', '3kg', NULL),
(98, 'Bếp gas âm Sunhouse SHB7736', 15, 6, 2999000, '18', 4, 'https://cdn.tgdd.vn/Products/Images/1983/89299/bep-gas-sunhouse-shb7736-org-1.jpg', 12, 'Trung Quốc', 'Kiểu bếp gas âm hiện đại, sang trọng, 2 lò nấu tiết kiệm thời gian.\r\nMặt bếp gas bằng kính cường lực chịu nhiệt tốt, dễ vệ sinh.\r\nĐánh lửa IC hiện đại, tạo tia lửa nhạy, nhanh.\r\nĐầu đốt bằng đồng thau', '4 kW/h/lò', 'Ngang 73 cm - Dọc 43 cm - Cao 8.5 cm', '13.8kg', NULL),
(99, 'Bếp gas âm Sunhouse SHB 501MT', 15, 6, 290000, '50', 5, 'https://cdn.tgdd.vn/Products/Images/1983/73746/bep-gas-sunhouse-shb-501mt-org-1.jpg', 12, 'Việt Nam', 'Mặt bếp bằng kính cường lực sáng bóng, chịu nhiệt tốt, dễ vệ sinh.\r\nĐầu đốt bằng đồng thau bền tốt, giúp nấu ăn nhanh, cho ngọn lửa xanh.\r\nHệ thống đánh lửa IC cho tia lửa nhanh, an toàn khi sử dụng.', '2 kW/h/lò', 'Dài 69.5 cm - Dọc 38.5 cm - Cao 8 cm', '9kg', NULL),
(100, 'Bếp gas mini Duxton DG-150', 18, 6, 538000, '25', 5, 'https://cdn.tgdd.vn/Products/Images/1983/218696/bep-gas-mini-duxton-dg-150-1-1-org.jpg', 12, 'Việt Nam', 'Bếp gas mini màu đỏ, nhỏ gọn dễ sử dụng.\r\nMặt bếp bằng thép sơn tĩnh điện hạn chế han gỉ, dễ lau chùi.\r\nĐánh lửa Magneto đơn giản, dễ dùng.\r\nĐầu đốt chất liệu nhôm làm nóng nhanh, đun nấu tiết kiệm th', '0.2 kW/h/lò', 'Dài 25 cm - Dọc 38.5 cm - Cao 5 cm', '10kg', NULL),
(101, 'Máy nước nóng Ariston RT45E-VN', 21, 7, 2350000, '34', 5, 'https://cdn.tgdd.vn/Products/Images/1962/86387/ariston-rt45e-vn-1-org.jpg', 12, 'Việt Nam', 'Thiết kế sang trọng với kiểu dáng hình tròn, màn hình cảm ứng, hiển thị nhiệt độ chính xác.\r\nBộ ổn định nhiệt kép chống bỏng hiệu quả.\r\nGhi nhớ các chế độ yêu thích của từng thành viên.\r\nLàm nóng trực', '4500 W', 'Đường kính 35 cm - Dày 8 cm - Nặng 2 kg', '19kg', NULL),
(102, 'Máy nước nóng Ariston SM45PE-VN', 21, 7, 1999000, '34', 4, 'https://cdn.tgdd.vn/Products/Images/1962/86251/may-nuoc-nong-ariston-sm45pe-vn-1-12-org.jpg', 12, 'Việt Nam', 'Bơm trợ lực hỗ trợ cho những nơi có áp lực nước yếu.\r\nLàm nóng nước cực nhanh với cơ chế vận hành trực tiếp.\r\nCầu dao chống rò điện ELCB bảo vệ an toàn tuyệt đối cho cả nhà.\r\nThiết kế vỏ chống thấm nư', '3500 W', 'Cao 38.6 cm - Ngang 23 cm - Dày 7.6 cm', '2kg', NULL),
(103, 'Máy nước nóng Kangaroo 22 lít KG 70A2', 22, 7, 999000, '54', 5, 'https://cdn.tgdd.vn/Products/Images/1962/211707/kangaroo-22l-kg-70a2-1-1-org.jpg', 12, 'Thái Lan', 'An toàn với hệ thống đồng bộ TSS chống giật và cầu dao chống rò điện ELCB.\r\nCông nghệ Nano kháng khuẩn đảm bảo sự trong lành của nước tắm, bảo vệ làn da.\r\nChống bám cặn, rò rỉ nước với lòng bình được ', '3500 W', 'Ngang 71 cm - Cao 30 cm - Dày 31.4 cm', '11.5kg', NULL),
(104, 'Máy nước nóng hồng ngoại Kangaroo KG588WP', 22, 7, 15990000, '100', 4, 'https://cdn.tgdd.vn/Products/Images/1962/211752/may-nuoc-nong-kangaroo-kg588wp-1-org.jpg', 12, 'Việt Nam', 'Nước được làm nóng nhanh, an toàn với công nghệ tia hồng ngoại.\r\nNước luôn sạch và an toàn với công nghệ kháng khuẩn Nano Crystal.\r\nSử dụng được ở nơi có nguồn nước yếu nhờ bơm trợ lực.\r\nKhông phải đợ', '4000 W', 'Ngang 26 cm - Cao 37.6 cm - Dày 9.3 cm', '1.5kg', NULL),
(105, 'Máy nước nóng Midea DSK45U3 4500W', 10, 7, 500000, '43', 5, 'https://cdn.tgdd.vn/Products/Images/1962/192294/may-nuoc-nong-midea-dsk45u3-1-1-org.jpg', 12, 'Việt Nam', 'Thanh nhiệt làm từ đồng nguyên chất làm nóng nước nhanh chóng và nâng cao tuổi thọ cho máy.\r\nMáy nước nóng trực tiếp có hỗ trợ bơm trợ lực, phù hợp cho vùng có áp lực nước yếu.\r\nCông nghệ Ion Bạc cho ', '5000 W', 'Cao 40.6 cm - Rộng 22 cm - Dày 11 cm', '2kg', NULL),
(106, 'Máy nước nóng Beko BWI45S1N-213', 24, 7, 9999000, '30', 5, 'https://cdn.tgdd.vn/Products/Images/1962/174610/beko-bwi45s1n-213-1-org.jpg', 12, 'Việt Nam', 'Máy nước nóng Beko làm nóng nước ngay lập tức nhờ cơ chế làm nóng nước trực tiếp.\r\nKhông còn lo lắng những nguy cơ tiềm ẩn về điện khi đã có cầu dao chống rò điện ELCB.\r\nVỏ máy chống nước và bụi chuẩn', '4000 W', 'Cao 36,7 cm - Rộng 24,8 cm - Dày 9.5 cm', '1.7kg', NULL),
(107, 'Máy nước nóng Ferroli FS - 4.5TE', 23, 7, 380000, '75', 0, 'https://cdn.tgdd.vn/Products/Images/1962/195399/ferroli-fs-45te-1-org.jpg', 12, 'Việt Nam', 'Cơ chế làm nóng trực tiếp nhanh chóng làm nóng nước mà không phải chờ lâu.\r\nCầu dao chống rò điện ELCB bảo vệ an toàn tuyệt đối cho cả gia đình khỏi những mối nguy hại về rò rỉ điện.\r\nLớp vỏ chống thấ', '3000 W', 'Dài 27.5 cm - Ngang 17.5 cm - Dày 10.5 cm', '3kg', NULL),
(108, 'Máy nước nóng Ferroli QQ Evo 30L ME 30 Lít', 23, 7, 8999000, '20', 5, 'https://cdn.tgdd.vn/Products/Images/1962/195411/ferroli-qq-evo-30l-me-1-org.jpg', 12, 'Việt Nam', 'Cơ chế làm nóng gián tiếp lý tưởng khi lắp đặt ở khu vực có khí hậu lạnh.\r\nCầu dao chống rò điện ELCB bảo vệ an toàn cho cả nhà.\r\nLớp vỏ chống thấm nước chuẩn IPX1 hiện đại, nâng cao độ bền cho bình.\r', '5000 W', 'Dài 60 cm - Rộng 35 cm - Cao 34 cm', '15kg', NULL),
(109, 'Máy nước nóng Beko BWI45S1A-213', 24, 7, 1990000, '10', 5, 'https://cdn.tgdd.vn/Products/Images/1962/174608/beko-bwi45s1a-213-1-org.jpg', 12, 'Việt Nam', 'Tích hợp bơm trợ lực mang lại dòng nước nóng mạnh mẽ, đều đặn.\r\nMáy nước nóng trực tiếp làm nóng nước ngay lập tức mà không phải chờ đợi.\r\nCầu dao chống rò điện ELCB bảo vệ cả gia đình khỏi nguy cơ ti', '2500 W', 'Cao 36.7 cm - Rộng 24.8 cm - Dày 9.5 cm', '2.5kg', NULL),
(110, 'Máy nước nóng Panasonic DH-4MP1VW', 5, 7, 4899000, '15', 4, 'https://cdn.tgdd.vn/Products/Images/1962/72207/may-nuoc-nong-panasonic-dh-4mp1vw-7-org-1.jpg', 12, 'Việt Nam', 'Bơm trợ lực vận hành siêu êm, giúp dòng nước ổn định ở những nơi nước yếu.\r\nLàm nóng trực tiếp, cho thời gian sử dụng nước chưa đầy 1 phút.\r\nCầu dao chống rò điện ELCB đảm bảo an toàn tuyệt đối cho cả', '5000 W', 'Dài 42cm - Rộng 18.5cm - Dày 8.5cm', '2kg', NULL),
(111, 'Máy hút bụi Samsung VC15K4130VL/SV-N', 4, 8, 5380000, '60', 5, 'https://cdn.tgdd.vn/Products/Images/1990/203600/may-hut-bui-samsung-vc15k4130vl-sv-n-1-1-org.jpg', 12, 'Việt Nam', 'Máy hút bụi có hộp chứa bụi dung tích 1.3 lít, dễ tháo rời, đổ rác tiện lợi.\r\nDuy trì lực hút mạnh với công suất 1300 W, công nghệ hút xoáy Cyclone Force và Anti-tangle Turbin.\r\nVệ sinh nhà cửa nhanh ', '1500 W', 'Rộng 26.5 cm - Dài 43.5 cm - Cao 31.4 cm', '5kg', NULL),
(112, 'Máy hút bụi Samsung VC18M21M0VN/SV-N', 4, 8, 9380000, '70', 5, 'https://cdn.tgdd.vn/Products/Images/1990/157525/samsung-vc18m21m0vn-sv-n-1-org.jpg', 12, 'Việt Nam', 'Dung tích hộp chứa bụi 1.5 lít cho thời gian sử dụng dài.\r\nCông suất lớn 1800 W hút bụi nhanh chóng, dễ dàng.\r\nĐộ ồn 87 dB, không quá ảnh hưởng đến thính giác của bạn.\r\nCông nghệ lốc xoáy bụi Cyclone ', '3800 W', 'Rộng 27 cm - Dài 39 cm - Cao 24.3 cm', '3.8kg', NULL),
(113, 'Máy hút bụi Bosch HMH.BGL72294', 19, 8, 5900000, '56', 4, 'https://cdn.tgdd.vn/Products/Images/1990/205759/may-hut-bui-bosch-hmhbgl72294-1-1-org.jpg', 12, 'Việt Nam', 'Máy hút bụi dùng túi chứa bụi, dung tích túi bụi 5 lít.\r\nCông suất 2200 W hoạt động mạnh mẽ, lọc sạch với bộ lọc Hepa 13.\r\nCó đầu hút cứng, đầu hút khe, đầu hút nệm dọn dẹp tốt các bề mặt.', '2200 W', 'Rộng 27.5 cm - Dài 48 cm - Cao 32 cm', '8kg', NULL),
(114, 'Máy hút bụi Bosch HMH.BGS3U2000', 19, 8, 3800000, '65', 4, 'https://cdn.tgdd.vn/Products/Images/1990/205758/may-hut-bui-bosch-hmhbgs3u2000-1-1-org.jpg', 12, 'Thái Lan', 'Máy hút bụi có hộp chứa bụi dung tích lớn 1.9 lít, hút lâu, không cần đổ bụi thường xuyên.\r\nCông suất 2000 W, động cơ mạnh mẽ, hút sạch mọi bụi bẩn nhanh chóng.\r\nVệ sinh nhà cửa linh hoạt với đầu hút ', '1900 W', 'Rộng 27.6 cm - Dài 46 cm - Cao 32 cm', '9kg', NULL),
(115, 'Máy Hút bụi Panasonic MC-CG371AN46', 5, 8, 1960000, '54', 5, 'https://cdn.tgdd.vn/Products/Images/1990/109324/panasonic-mc-cg371an46-1-1-org.jpg', 12, 'Việt Nam', 'Máy hút bụi sử dụng túi chứa bụi dung tích lớn 1.4 lít cho thời gian hút dài.\r\nCông suất hoạt động 1600 W, công suất hút 410 W tạo lực hút mạnh mẽ.\r\n2 đầu hút: đầu hút thảm và đầu hút kẽ hở nhỏ giúp l', '1600 W', 'Rộng 27 cm - Dài 40 cm - Cao 25 cm', '3.8kg', NULL),
(116, 'Máy hút bụi Samsung VC18M21M0VN/SV-N', 4, 8, 5000000, '73', 3, 'https://cdn.tgdd.vn/Products/Images/1990/157525/samsung-vc18m21m0vn-sv-n-1-org.jpg', 12, 'Trung Quốc', 'Dung tích hộp chứa bụi 1.5 lít cho thời gian sử dụng dài.\r\nCông suất lớn 1800 W hút bụi nhanh chóng, dễ dàng.\r\nĐộ ồn 87 dB, không quá ảnh hưởng đến thính giác của bạn.\r\nCông nghệ lốc xoáy bụi Cyclone ', '3900 W', 'Rộng 27 cm - Dài 39 cm - Cao 24.3 cm', '4.6kg', NULL),
(117, 'Máy hút bụi cầm tay Midea MVC-SC861B', 10, 8, 690000, '25', 5, 'https://cdn.tgdd.vn/Products/Images/1990/168600/midea-mvc-sc861b-1-1-org.jpg', 12, 'Việt Nam', 'Máy hút bụi thiết kế nhỏ gọn, cầm tay tiện dụng, dung tích hộp chứa bụi 0.8 lít.\r\nCông suất 600 W đủ phục vụ nhu cầu sử dụng gia đình.\r\nCó đầu hút sàn và đầu hút khe cơ bản.', '600 W', 'Rộng 13 cm - Dài 12 cm - Cao 110 cm', '1.8kg', NULL),
(118, 'Máy hút bụi Samsung VC15K4130VL/SV-N', 4, 8, 999000, '8', 4, 'https://cdn.tgdd.vn/Products/Images/1990/203600/may-hut-bui-samsung-vc15k4130vl-sv-n-1-1-org.jpg', 12, 'Thái Lan', 'Máy hút bụi có hộp chứa bụi dung tích 1.3 lít, dễ tháo rời, đổ rác tiện lợi.\r\nDuy trì lực hút mạnh với công suất 1300 W, công nghệ hút xoáy Cyclone Force và Anti-tangle Turbin.\r\nVệ sinh nhà cửa nhanh ', '1500 W', 'Rộng 26.5 cm - Dài 43.5 cm - Cao 31.4 cm', '9kg', NULL),
(119, 'Máy hút bụi Panasonic MC-CL305BN46', 5, 8, 899000, '59', 5, 'https://cdn.tgdd.vn/Products/Images/1990/118574/panasonic-mc-cl305bn46-1-org.jpg', 12, 'Việt Nam', 'Máy hút bụi dùng hộp chứa bụi dung tích 0.6 lít nhỏ gọn.\r\nCông suất 1400 W, hút tốt với thiết kế đầu hút Air Dust Catcher hút nhanh, sạch và hiệu quả.\r\nKết hợp đầu hút khe và bàn chải bụi làm sạch toà', '1400 W', 'Rộng 23 cm - Dài 30 cm - Cao 26 cm', '5kg', NULL),
(120, 'Máy hút bụi có dây Bosch BSGL32383\r\n', 19, 8, 6680000, '100', 5, 'https://cdn.tgdd.vn/Products/Images/1990/209834/may-hut-bui-co-day-bosch-bsgl32383-300x300.jpg', 12, 'Việt Nam', 'Máy hút bụi dùng hộp chứa bụi dung tích 1.5 lít giữ được lượng bụi khá lớn.\r\nCông suất lớn 1800 W hút nhanh và hiệu quả.\r\nCông nghệ Powercyclone 5 cho hiệu quả làm sạch ấn tượng.\r\nVệ sinh hệu quả với ', '2300 W\r\n', 'Rộng 26 cm - Dài 40 cm - Cao 28.7 cm', '4.3 kg', NULL);

--
-- Chỉ mục cho các bảng đã đổ
--

--
-- Chỉ mục cho bảng `brands`
--
ALTER TABLE `brands`
  ADD PRIMARY KEY (`brand_id`);

--
-- Chỉ mục cho bảng `categories`
--
ALTER TABLE `categories`
  ADD PRIMARY KEY (`category_id`);

--
-- Chỉ mục cho bảng `products`
--
ALTER TABLE `products`
  ADD PRIMARY KEY (`product_id`),
  ADD KEY `fk_products_categories_idx` (`categories_category_id`),
  ADD KEY `fk_products_brands1_idx` (`brands_brand_id`);

--
-- AUTO_INCREMENT cho các bảng đã đổ
--

--
-- AUTO_INCREMENT cho bảng `brands`
--
ALTER TABLE `brands`
  MODIFY `brand_id` int(11) NOT NULL AUTO_INCREMENT, AUTO_INCREMENT=25;

--
-- AUTO_INCREMENT cho bảng `categories`
--
ALTER TABLE `categories`
  MODIFY `category_id` int(11) NOT NULL AUTO_INCREMENT, AUTO_INCREMENT=9;

--
-- AUTO_INCREMENT cho bảng `products`
--
ALTER TABLE `products`
  MODIFY `product_id` int(11) NOT NULL AUTO_INCREMENT, AUTO_INCREMENT=121;

--
-- Các ràng buộc cho các bảng đã đổ
--

--
-- Các ràng buộc cho bảng `products`
--
ALTER TABLE `products`
  ADD CONSTRAINT `fk_products_brands1` FOREIGN KEY (`brands_brand_id`) REFERENCES `brands` (`brand_id`) ON DELETE NO ACTION ON UPDATE NO ACTION,
  ADD CONSTRAINT `fk_products_categories` FOREIGN KEY (`categories_category_id`) REFERENCES `categories` (`category_id`) ON DELETE NO ACTION ON UPDATE NO ACTION;
COMMIT;

/*!40101 SET CHARACTER_SET_CLIENT=@OLD_CHARACTER_SET_CLIENT */;
/*!40101 SET CHARACTER_SET_RESULTS=@OLD_CHARACTER_SET_RESULTS */;
/*!40101 SET COLLATION_CONNECTION=@OLD_COLLATION_CONNECTION */;
